,qseqid,sseqid,pident,length,mismatch,gapopen,qstart,qend,sstart,send,evalue,bitscore,task,db,qlength,fitting,sum_coverage,sum_lengths,source
0,KA25_CL94_TR_1_x_5486nt,HM991354.1,90.045,221,22,0,12090,12310,444,224,2.18e-75,287.0,megablast,ncbi_x3,16458,partial,0.04010207801676996,660,KA25
1,KA25_CL94_TR_1_x_5486nt,GQ484974.1,90.654,107,9,1,1,106,779,885,1.0500000000000001e-32,145.0,blastn,ncbi_x3,16458,partial,0.006440636772390327,106,KA25
2,KA25_CL94_TR_1_x_5486nt,FK827961.1,95.498,422,18,1,14789,15210,833,413,0.0,673.0,megablast,ncbi_x3,16458,partial,0.07692307692307693,1266,KA25
3,KA25_CL94_TR_1_x_5486nt,D90697.1,90.984,244,22,0,12758,13001,486,243,3.57e-88,329.0,megablast,ncbi_x3,16458,partial,0.04429456799125046,729,KA25
4,KA25_CL94_TR_1_x_5486nt,JN135336.1,90.182,275,27,0,12744,13018,829,555,4.5600000000000004e-97,359.0,megablast,ncbi_x3,16458,partial,0.05012759752096245,825,KA25
5,KA25_CL94_TR_1_x_5486nt,D90678.1,93.443,244,16,0,12758,13001,486,243,3.52e-98,363.0,megablast,ncbi_x3,16458,partial,0.04429456799125046,729,KA25
6,KA25_CL94_TR_1_x_5486nt,D90674.1,94.672,244,12,1,12758,13001,484,242,1.26e-102,377.0,megablast,ncbi_x3,16458,partial,0.04429456799125046,729,KA25
7,KA25_CL94_TR_1_x_5486nt,D90662.1,90.984,244,22,0,12758,13001,486,243,3.57e-88,329.0,megablast,ncbi_x3,16458,partial,0.04429456799125046,729,KA25
8,KA25_CL94_TR_1_x_5486nt,D90618.1,93.033,244,16,1,12758,13001,484,242,5.9e-96,355.0,megablast,ncbi_x3,16458,partial,0.04429456799125046,729,KA25
9,KA25_CL94_TR_1_x_5486nt,D90610.1,92.213,244,19,0,12758,13001,486,243,3.55e-93,346.0,megablast,ncbi_x3,16458,partial,0.04429456799125046,729,KA25
10,KA25_CL94_TR_1_x_5486nt,AY221465.1,90.868,219,17,3,12758,12973,434,216,1.69e-76,291.0,megablast,ncbi_x3,16458,partial,0.03937294932555596,648,KA25
11,KA25_CL94_TR_1_x_5486nt,AF120167.1,93.258,89,5,1,15015,15102,101,13,3.89e-28,130.0,megablast,ncbi_x3,16458,partial,0.016040831206707983,264,KA25
12,KA25_CL94_TR_1_x_5486nt,D90676.1,92.149,242,18,1,12759,12999,243,2,1.65e-91,340.0,megablast,ncbi_x3,16458,partial,0.04393000364564346,723,KA25
13,KA25_CL94_TR_1_x_5486nt,JN135337.1,91.135,282,24,1,12738,13018,282,1,9.73e-104,381.0,megablast,ncbi_x3,16458,partial,0.05122129055778345,843,KA25
14,KA25_CL97_TR_1_x_337nt,AB003243.1,92.891,211,15,0,634,844,214,4,1.01e-82,307.0,megablast,ncbi_x3,1011,partial,0.5816023738872403,588,KA25
15,KA25_CL97_TR_1_x_337nt,AB003242.1,93.519,216,13,1,634,848,430,215,1.29e-86,320.0,megablast,ncbi_x3,1011,partial,0.5964391691394659,603,KA25
16,KA25_CL97_TR_1_x_337nt,AB003241.1,90.909,220,18,2,634,851,430,211,7.830000000000001e-79,294.0,megablast,ncbi_x3,1011,partial,0.5934718100890207,600,KA25
17,KA25_CL97_TR_1_x_337nt,AB003236.1,90.805,174,15,1,2,174,388,215,6.23e-60,231.0,megablast,ncbi_x3,1011,partial,0.17012858555885263,172,KA25
18,KA25_CL97_TR_1_x_337nt,AB003235.1,92.093,215,17,0,634,848,428,214,1.3e-81,303.0,megablast,ncbi_x3,1011,partial,0.5905044510385756,597,KA25
19,KA25_CL97_TR_1_x_337nt,AB003234.1,90.233,215,21,0,634,848,428,214,6.1e-75,281.0,megablast,ncbi_x3,1011,partial,0.5934718100890207,600,KA25
20,KA25_CL94_TR_1_x_5486nt,JN135338.1,90.78,282,25,1,12738,13018,282,1,4.53e-102,375.0,megablast,ncbi_x3,16458,partial,0.05122129055778345,843,KA25
21,KA25_CL97_TR_1_x_337nt,AB003233.1,91.163,215,18,1,634,848,426,213,1.01e-77,291.0,megablast,ncbi_x3,1011,partial,0.5944609297725024,601,KA25
22,KA25_CL97_TR_1_x_337nt,AB003231.1,90.23,174,17,0,1,174,386,213,8.06e-59,228.0,megablast,ncbi_x3,1011,partial,0.17111770524233433,173,KA25
23,KA25_CL97_TR_1_x_337nt,AB003230.1,91.908,173,14,0,2,174,386,214,2.88e-63,243.0,megablast,ncbi_x3,1011,partial,0.17012858555885263,172,KA25
24,KA25_CL97_TR_1_x_337nt,AB003229.1,94.836,213,11,0,636,848,426,214,1.66e-90,333.0,megablast,ncbi_x3,1011,partial,0.6280909990108803,635,KA25
25,KA25_CL97_TR_1_x_337nt,AB003228.1,92.627,217,16,0,634,850,426,210,2.16e-84,313.0,megablast,ncbi_x3,1011,partial,0.5905044510385756,597,KA25
26,KA25_CL97_TR_1_x_337nt,AB003227.1,90.323,217,16,3,634,848,426,213,2.1899999999999997e-74,279.0,megablast,ncbi_x3,1011,partial,0.5934718100890207,600,KA25
27,KA25_CL97_TR_1_x_337nt,AB003226.1,92.13,216,15,2,634,848,428,214,1.3e-81,303.0,megablast,ncbi_x3,1011,partial,0.5934718100890207,600,KA25
28,KA25_CL97_TR_1_x_337nt,AB003232.1,90.805,174,15,1,2,174,388,215,6.23e-60,231.0,megablast,ncbi_x3,1011,partial,0.17012858555885263,172,KA25
29,KA25_CL97_TR_1_x_337nt,AB003244.1,90.058,171,16,1,4,174,383,214,1.35e-56,220.0,megablast,ncbi_x3,1011,partial,0.1681503461918892,170,KA25
30,KA25_CL64_TR_1_x_118nt,pSc119_2,90.678,118,11,0,1,118,368,251,7.19e-42,158.0,megablast,ref,118,near-full,1.0,118,KA25
31,KA25_CL64_TR_1_x_118nt,ON872682.1,100.0,354,0,0,1,354,1,354,0.0,654.0,megablast,ncbi_x3,354,near-full,1.0,354,KA25
32,KA25_CL64_TR_1_x_118nt,AJ517277.4,90.4,125,11,1,230,354,184,61,7.72e-40,163.0,megablast,ncbi_x3,354,partial,0.3531073446327684,125,KA25
33,KA25_CL64_TR_1_x_118nt,AJ517276.4,91.525,118,10,0,1,118,178,61,7.48e-41,163.0,megablast,ncbi,118,near-full,1.0,118,KA25
34,KA25_CL64_TR_1_x_118nt,AJ517275.1,90.341,176,17,0,179,354,354,179,3.57e-63,242.0,dc-megablast,ncbi_x3,354,partial,0.4971751412429379,176,KA25
35,KA25_CL64_TR_1_x_118nt,AJ517274.1,90.136,294,29,0,61,354,354,61,5.44e-106,383.0,megablast,ncbi_x3,354,near-full,0.8305084745762712,294,KA25
36,KA25_CL64_TR_1_x_118nt,AJ517273.1,91.837,294,24,0,61,354,354,61,2.5e-114,411.0,megablast,ncbi_x3,354,near-full,0.9830508474576272,348,KA25
37,KA25_CL64_TR_1_x_118nt,AJ517272.1,90.286,175,17,0,180,354,353,179,7.5e-60,230.0,megablast,ncbi_x3,354,partial,0.4943502824858757,175,KA25
38,KA25_CL64_TR_1_x_118nt,AJ517282.4,95.455,44,2,0,18,61,227,184,3.82e-12,71.6,dc-megablast,ncbi_x3,354,partial,0.12146892655367232,43,KA25
39,KA25_CL64_TR_1_x_118nt,AJ517271.4,90.476,84,7,1,24,106,86,3,2.75e-25,111.0,megablast,ncbi,118,partial,0.7033898305084746,83,KA25
40,KA25_CL64_TR_1_x_118nt,AJ517268.4,90.678,118,11,0,1,118,178,61,7.499999999999999e-41,164.0,dc-megablast,ncbi,118,near-full,1.0,118,KA25
41,KA25_CL64_TR_1_x_118nt,AJ517267.4,92.92,113,8,0,6,118,173,61,1.76e-42,168.0,dc-megablast,ncbi,118,near-full,0.9576271186440678,113,KA25
42,KA25_CL64_TR_1_x_118nt,AJ517265.4,90.678,118,11,0,1,118,178,61,3.48e-39,158.0,megablast,ncbi,118,near-full,1.0,118,KA25
43,KA25_CL64_TR_1_x_118nt,AJ517263.4,90.4,125,12,0,230,354,555,431,1.52e-42,172.0,dc-megablast,ncbi_x3,354,partial,0.3531073446327684,125,KA25
44,KA25_CL64_TR_1_x_118nt,AJ517261.4,90.4,125,12,0,230,354,555,431,1.52e-42,172.0,dc-megablast,ncbi_x3,354,partial,0.3531073446327684,125,KA25
45,KA25_CL64_TR_1_x_118nt,AJ517259.4,90.323,93,8,1,263,354,603,511,6.89e-28,124.0,dc-megablast,ncbi_x3,354,partial,0.2598870056497175,92,KA25
46,KA25_CL64_TR_1_x_118nt,AJ517270.4,94.915,118,6,0,1,118,178,61,1.6000000000000002e-47,185.0,megablast,ncbi,118,near-full,1.0,118,KA25
47,KA25_CL64_TR_1_x_118nt,P351_0,94.068,118,7,0,1,118,210,327,1.53e-48,180.0,megablast,ref,118,near-full,1.0,118,KA25
48,KA25_CL64_TR_1_x_118nt,AJ517288.3,91.525,354,27,1,1,354,407,57,1.45e-136,484.0,megablast,ncbi_x3,354,near-full,1.0,354,KA25
49,KA25_CL64_TR_1_x_118nt,AJ517290.4,91.246,297,25,1,58,354,1058,763,4.18e-112,403.0,megablast,ncbi_x3,354,near-full,0.8389830508474576,297,KA25
50,KA25_CL64_TR_1_x_118nt,ON872675.1,95.077,325,16,0,4,328,325,1,6.65e-145,512.0,megablast,ncbi_x3,354,near-full,0.9915254237288136,351,KA25
51,KA25_CL64_TR_1_x_118nt,KT724938.1,90.678,118,11,0,1,118,8255,8138,3.48e-39,158.0,megablast,ncbi,118,near-full,1.0,118,KA25
52,KA25_CL64_TR_1_x_118nt,KP5KP10(max)_CL163_TR_1_x_118nt,95.098,306,15,0,49,354,354,49,5.23e-139,483.0,megablast,comp_x3,354,near-full,1.0,354,KA25
53,KA25_CL64_TR_1_x_118nt,KK6_CL172_TR_1_x_118nt,96.037,328,13,0,4,331,328,1,5.97e-154,534.0,megablast,local_x3,354,near-full,0.9915254237288136,351,KA25
54,KA25_CL64_TR_1_x_118nt,KK4_CL195_TR_1_x_118nt,96.024,327,13,0,28,354,354,28,2.15e-153,532.0,megablast,local_x3,354,near-full,1.0,354,KA25
55,KA25_CL64_TR_1_x_118nt,KK3_CL212_TR_1_x_118nt,94.69,339,18,0,1,339,16,354,9.989999999999999e-152,527.0,megablast,local_x3,354,near-full,1.0,354,KA25
56,KA25_CL64_TR_1_x_118nt,AJ517289.4,95.082,61,3,0,294,354,1061,1001,7.94e-20,97.1,megablast,ncbi_x3,354,partial,0.17231638418079095,61,KA25
57,KA25_CL64_TR_1_x_118nt,KC290898.1,90.113,354,35,0,1,354,1,354,2.4400000000000003e-129,460.0,megablast,ncbi_x3,354,near-full,1.0,354,KA25
58,KA25_CL64_TR_1_x_118nt,BSCL75-2,96.875,32,1,0,2,33,1,32,2.03e-10,54.5,blastn,ref,118,partial,0.2711864406779661,32,KA25
59,KA25_CL64_TR_1_x_118nt,BSCL75-1,100.0,37,0,0,76,112,1,37,3.47e-15,69.4,megablast,ref,118,partial,0.3135593220338983,37,KA25
60,KA25_CL64_TR_1_x_118nt,AM285293.1,92.793,111,8,0,8,118,161,271,2.15e-41,165.0,dc-megablast,ncbi,118,near-full,0.940677966101695,111,KA25
61,KA25_CL64_TR_1_x_118nt,AJ517293.1,91.803,61,5,0,294,354,353,293,4.96e-17,88.7,dc-megablast,ncbi_x3,354,partial,0.17231638418079095,61,KA25
62,KA25_CL64_TR_1_x_118nt,AJ517292.4,91.185,329,28,1,26,354,354,27,6.84e-125,446.0,megablast,ncbi_x3,354,near-full,0.9293785310734464,329,KA25
63,KA25_CL64_TR_1_x_118nt,KC290897.1,90.435,115,11,0,1,115,805,691,1.6200000000000001e-37,152.0,megablast,ncbi,118,near-full,0.9745762711864406,115,KA25
64,KA25_CL97_TR_1_x_337nt,AB003245.1,90.698,215,20,0,634,848,428,214,1.31e-76,287.0,megablast,ncbi_x3,1011,partial,0.5875370919881305,594,KA25
65,KA25_CL97_TR_1_x_337nt,AB003246.1,90.698,172,15,1,2,172,173,2,8.06e-59,228.0,megablast,ncbi_x3,1011,partial,0.16913946587537093,171,KA25
66,KA25_CL97_TR_1_x_337nt,AB003247.1,90.698,215,18,2,634,848,424,212,4.72e-76,285.0,megablast,ncbi_x3,1011,partial,0.5934718100890207,600,KA25
67,KA25_CL97_TR_1_x_337nt,HQ213965.1,91.369,336,28,1,2,337,621,287,2.75e-129,459.0,megablast,ncbi,337,near-full,0.9970326409495549,336,KA25
68,KA25_CL97_TR_1_x_337nt,HQ213964.1,91.691,337,27,1,2,337,282,618,1.6499999999999999e-131,466.0,megablast,ncbi,337,near-full,0.9970326409495549,336,KA25
69,KA25_CL97_TR_1_x_337nt,HQ213963.1,91.369,336,29,0,2,337,389,724,7.66e-130,460.0,megablast,ncbi,337,near-full,0.9970326409495549,336,KA25
70,KA25_CL97_TR_1_x_337nt,HQ213962.1,91.124,338,28,2,2,337,544,207,9.91e-129,457.0,megablast,ncbi,337,near-full,0.6083086053412463,205,KA25
71,KA25_CL97_TR_1_x_337nt,HQ213961.1,90.542,1015,81,9,2,1011,1247,243,0.0,1328.0,megablast,ncbi_x3,1011,near-full,0.9990108803165183,1010,KA25
72,KA25_CL97_TR_1_x_337nt,KC290893.1,93.175,337,23,0,1,337,73,409,2.0999999999999997e-140,496.0,megablast,ncbi,337,near-full,1.0,337,KA25
73,KA25_CL97_TR_1_x_337nt,HQ213960.1,91.346,312,27,0,26,337,689,378,7.769999999999999e-120,427.0,megablast,ncbi,337,near-full,0.9970326409495549,336,KA25
74,KA25_CL97_TR_1_x_337nt,HM536207.1,90.179,336,33,0,2,337,90,425,3.5900000000000004e-123,438.0,megablast,ncbi,337,near-full,1.0,337,KA25
75,KA25_CL97_TR_1_x_337nt,EF560592.1,93.878,49,3,0,798,846,2103,2055,9.38e-13,76.1,dc-megablast,ncbi_x3,1011,partial,0.14540059347181009,147,KA25
76,KA25_CL97_TR_1_x_337nt,D82997.1,90.783,217,20,0,634,850,414,198,1.01e-77,291.0,megablast,ncbi_x3,1011,partial,0.5786350148367952,585,KA25
77,KA25_CL97_TR_1_x_337nt,D82996.1,90.23,174,16,1,1,174,387,215,1.58e-60,234.0,dc-megablast,ncbi_x3,1011,partial,0.17111770524233433,173,KA25
78,KA25_CL97_TR_1_x_337nt,D82995.1,90.0,170,11,4,3,171,167,3,6.27e-55,215.0,megablast,ncbi_x3,1011,partial,0.1671612265084075,169,KA25
79,KA25_CL97_TR_1_x_337nt,D82994.1,90.805,174,14,1,3,174,390,217,6.23e-60,231.0,megablast,ncbi_x3,1011,partial,0.16913946587537093,171,KA25
80,KA25_CL97_TR_1_x_337nt,HQ213959.1,90.056,714,70,1,233,946,1422,710,0.0,924.0,megablast,ncbi_x3,1011,composite,0.9327398615232443,943,KA25
81,KA25_CL97_TR_1_x_337nt,D82993.1,91.329,173,15,0,2,174,386,214,1.34e-61,237.0,megablast,ncbi_x3,1011,partial,0.17012858555885263,172,KA25
82,KA25_CL97_TR_1_x_337nt,KC990463.1,94.492,236,12,1,275,510,232,466,2.1200000000000002e-99,363.0,megablast,ncbi_x3,1011,partial,0.6369930761622157,644,KA25
83,KA25_CL97_TR_1_x_337nt,KK6_CL2_TR_1_x_339nt,94.578,996,50,4,20,1011,2,997,0.0,1537.0,megablast,local_x3,1011,near-full,1.0,1011,KA25
84,KA25_CL97_TR_1_x_337nt,pAs1-1,94.231,52,3,0,42,93,52,1,4.5e-18,81.5,dc-megablast,ref,337,partial,0.1543026706231454,52,KA25
85,KA25_CL97_TR_1_x_337nt,Z54375.1,92.308,78,5,1,1,78,79,3,1.2999999999999998e-23,111.0,dc-megablast,ncbi_x3,1011,partial,0.0771513353115727,78,KA25
86,KA25_CL97_TR_1_x_337nt,Z54374.1,91.129,248,21,1,764,1011,978,732,4.62e-91,335.0,megablast,ncbi_x3,1011,partial,0.24530168150346193,248,KA25
87,KA25_CL97_TR_1_x_337nt,Z54373.1,91.968,249,19,1,90,337,328,80,2.0099999999999998e-98,356.0,dc-megablast,ncbi,337,composite,0.9643916913946587,325,KA25
88,KA25_CL97_TR_1_x_337nt,Z54372.1,91.968,249,16,4,90,337,323,78,3.6399999999999994e-95,345.0,dc-megablast,ncbi,337,composite,0.9673590504451038,326,KA25
89,KA25_CL97_TR_1_x_337nt,Z54371.1,91.026,78,6,1,2,78,80,3,5.54e-22,106.0,dc-megablast,ncbi_x3,1011,partial,0.076162215628091,77,KA25
90,KA25_CL97_TR_1_x_337nt,KK3_CL1_TR_1_x_337nt,93.34,946,63,0,3,948,66,1011,0.0,1399.0,megablast,local_x3,1011,near-full,0.9980217606330366,1009,KA25
91,KA25_CL97_TR_1_x_337nt,Z54370.1,90.909,77,7,0,2,78,79,3,1.59e-22,108.0,dc-megablast,ncbi_x3,1011,partial,0.076162215628091,77,KA25
92,KA25_CL97_TR_1_x_337nt,X06951.1,93.333,45,2,1,261,305,107,150,6.69e-10,65.8,megablast,ncbi_x3,1011,partial,0.13353115727002968,135,KA25
93,KA25_CL97_TR_1_x_337nt,P335,95.941,271,9,2,68,337,335,66,7.06e-126,438.0,megablast,ref,337,near-full,0.9940652818991098,335,KA25
94,KA25_CL97_TR_1_x_337nt,ON872687.1,100.0,1011,0,0,1,1011,1,1011,0.0,1868.0,megablast,ncbi_x3,1011,near-full,1.0,1011,KA25
95,KA25_CL97_TR_1_x_337nt,ON872662.1,93.491,1014,60,6,1,1008,1014,1,0.0,1502.0,megablast,ncbi_x3,1011,near-full,1.0,1011,KA25
96,KA25_CL97_TR_1_x_337nt,MG582649.1,95.57,316,13,1,22,337,330794,331108,3.49e-143,505.0,megablast,ncbi,337,near-full,0.9940652818991098,335,KA25
97,KA25_CL97_TR_1_x_337nt,KP5KP10(max)_CL93_TR_1_x_337nt,99.401,1002,6,0,10,1011,1,1002,0.0,1818.0,megablast,comp_x3,1011,near-full,1.0,1011,KA25
98,KA25_CL97_TR_1_x_337nt,X76300.1,90.845,284,24,2,261,544,109,390,2.0999999999999997e-104,379.0,megablast,ncbi_x3,1011,partial,0.6379821958456974,645,KA25
99,KA25_CL97_TR_1_x_337nt,D82992.1,90.173,173,17,0,2,174,385,213,4.54e-61,236.0,dc-megablast,ncbi_x3,1011,partial,0.17012858555885263,172,KA25
100,KA25_CL97_TR_1_x_337nt,D82991.1,92.166,217,14,3,636,850,426,211,1.3e-81,303.0,megablast,ncbi_x3,1011,partial,0.5835806132542037,590,KA25
101,KA25_CL97_TR_1_x_337nt,D82990.1,91.204,216,18,1,634,848,430,215,2.82e-78,292.0,megablast,ncbi_x3,1011,partial,0.5905044510385756,597,KA25
102,KA25_CL97_TR_1_x_337nt,AB003263.1,90.557,879,77,6,3,881,881,9,0.0,1158.0,megablast,ncbi_x3,1011,near-full,0.9980217606330366,1009,KA25
103,KA25_CL97_TR_1_x_337nt,AB003262.1,92.576,889,66,0,2,890,889,1,0.0,1277.0,megablast,ncbi_x3,1011,near-full,0.9990108803165183,1010,KA25
104,KA25_CL97_TR_1_x_337nt,AB003261.1,93.679,886,54,2,5,890,884,1,0.0,1325.0,megablast,ncbi_x3,1011,near-full,0.9960435212660732,1007,KA25
105,KA25_CL97_TR_1_x_337nt,AB003260.1,90.899,879,60,4,2,880,859,1,0.0,1162.0,megablast,ncbi_x3,1011,near-full,0.9990108803165183,1010,KA25
106,KA25_CL97_TR_1_x_337nt,AB003259.1,94.131,886,52,0,5,890,886,1,0.0,1349.0,megablast,ncbi_x3,1011,near-full,0.9960435212660732,1007,KA25
107,KA25_CL97_TR_1_x_337nt,AB003258.1,92.126,889,70,0,2,890,889,1,0.0,1254.0,megablast,ncbi_x3,1011,near-full,0.9990108803165183,1010,KA25
108,KA25_CL97_TR_1_x_337nt,AB003264.1,90.503,537,45,6,20,553,534,1,0.0,704.0,megablast,ncbi_x3,1011,partial,0.19485657764589515,197,KA25
109,KA25_CL97_TR_1_x_337nt,AB003257.1,92.126,889,70,0,2,890,889,1,0.0,1254.0,megablast,ncbi_x3,1011,near-full,0.9990108803165183,1010,KA25
110,KA25_CL97_TR_1_x_337nt,AB003255.1,91.441,888,76,0,3,890,888,1,0.0,1219.0,megablast,ncbi_x3,1011,near-full,0.9980217606330366,1009,KA25
111,KA25_CL97_TR_1_x_337nt,AB003254.1,90.244,41,4,0,971,1011,215,175,2.52e-07,57.2,dc-megablast,ncbi_x3,1011,partial,0.040553907022749754,41,KA25
112,KA25_CL97_TR_1_x_337nt,AB003252.1,92.558,215,16,0,634,848,428,214,2.8e-83,309.0,megablast,ncbi_x3,1011,partial,0.5934718100890207,600,KA25
113,KA25_CL97_TR_1_x_337nt,AB003251.1,90.233,215,20,1,634,848,426,213,2.1899999999999997e-74,279.0,megablast,ncbi_x3,1011,partial,0.592482690405539,599,KA25
114,KA25_CL97_TR_1_x_337nt,AB003249.1,90.61,213,18,2,636,848,422,212,6.1e-75,281.0,megablast,ncbi_x3,1011,partial,0.5885262116716122,595,KA25
115,KA25_CL97_TR_1_x_337nt,AB003248.1,91.86,172,14,0,3,174,384,213,1.04e-62,241.0,megablast,ncbi_x3,1011,partial,0.16913946587537093,171,KA25
116,KA25_CL97_TR_1_x_337nt,AB003256.1,92.022,890,71,0,1,890,890,1,0.0,1251.0,megablast,ncbi_x3,1011,near-full,1.0,1011,KA25
117,KA25_CL97_TR_1_x_337nt,AB003692.1,91.658,1019,75,7,1,1011,1245,229,0.0,1402.0,megablast,ncbi_x3,1011,near-full,1.0,1011,KA25
118,KA25_CL97_TR_1_x_337nt,AB022723.1,93.722,892,52,4,1,890,890,1,0.0,1334.0,megablast,ncbi_x3,1011,near-full,1.0,1011,KA25
119,KA25_CL97_TR_1_x_337nt,AB022724.1,95.495,888,24,14,5,889,875,1,0.0,1404.0,megablast,ncbi_x3,1011,near-full,0.9960435212660732,1007,KA25
120,KA25_CL97_TR_1_x_337nt,D82989.1,93.578,218,10,3,634,848,432,216,3.59e-87,322.0,megablast,ncbi_x3,1011,partial,0.6350148367952523,642,KA25
121,KA25_CL97_TR_1_x_337nt,D82988.1,91.628,215,17,1,634,848,426,213,2.1800000000000003e-79,296.0,megablast,ncbi_x3,1011,partial,0.5905044510385756,597,KA25
122,KA25_CL97_TR_1_x_337nt,D82987.1,91.743,218,12,5,634,848,428,214,6.06e-80,298.0,megablast,ncbi_x3,1011,partial,0.5934718100890207,600,KA25
123,KA25_CL97_TR_1_x_337nt,D30736.1,90.855,1017,86,3,1,1011,1444,429,0.0,1356.0,megablast,ncbi_x3,1011,near-full,1.0,1011,KA25
124,KA25_CL97_TR_1_x_337nt,AH014393.2,90.56,964,85,4,53,1011,14599,13637,0.0,1271.0,megablast,ncbi_x3,1011,near-full,0.9990108803165183,1010,KA25
125,KA25_CL97_TR_1_x_337nt,AH013688.3,92.35,183,14,0,65,247,29207,29389,8.340000000000001e-70,261.0,megablast,ncbi,337,composite,0.8100890207715133,273,KA25
126,KA25_CL97_TR_1_x_337nt,AFA-4,90.625,32,3,0,306,337,42,11,3.24e-07,45.5,blastn,ref,337,partial,0.09495548961424333,32,KA25
127,KA25_CL97_TR_1_x_337nt,AFA-3,95.556,45,2,0,12,56,45,1,6.68e-16,73.4,dc-megablast,ref,337,partial,0.13353115727002968,45,KA25
128,KA25_CL97_TR_1_x_337nt,AB022731.1,94.045,890,49,2,1,890,886,1,0.0,1347.0,megablast,ncbi_x3,1011,near-full,1.0,1011,KA25
129,KA25_CL97_TR_1_x_337nt,AB022730.1,94.401,893,41,7,1,890,887,1,0.0,1363.0,megablast,ncbi_x3,1011,near-full,0.9980217606330366,1009,KA25
130,KA25_CL97_TR_1_x_337nt,AB022729.1,96.509,888,25,4,3,890,882,1,0.0,1463.0,megablast,ncbi_x3,1011,near-full,0.9980217606330366,1009,KA25
131,KA25_CL97_TR_1_x_337nt,AB022728.1,94.607,890,48,0,1,890,890,1,0.0,1378.0,megablast,ncbi_x3,1011,near-full,1.0,1011,KA25
132,KA25_CL97_TR_1_x_337nt,AB022727.1,97.191,890,23,2,1,890,888,1,0.0,1504.0,megablast,ncbi_x3,1011,near-full,1.0,1011,KA25
133,KA25_CL97_TR_1_x_337nt,AB022726.1,93.596,890,57,0,1,890,890,1,0.0,1328.0,megablast,ncbi_x3,1011,near-full,1.0,1011,KA25
134,KA25_CL97_TR_1_x_337nt,AB022725.1,96.966,890,25,2,1,890,888,1,0.0,1493.0,megablast,ncbi_x3,1011,near-full,1.0,1011,KA25
135,KA25_CL64_TR_1_x_118nt,AJ517258.4,91.304,92,8,0,263,354,600,509,4.65e-30,131.0,dc-megablast,ncbi_x3,354,partial,0.2598870056497175,92,KA25
136,KA25_CL64_TR_1_x_118nt,AJ517257.1,91.768,328,27,0,27,354,354,27,3.1599999999999997e-128,457.0,megablast,ncbi_x3,354,near-full,0.9265536723163842,328,KA25
137,KA25_CL64_TR_1_x_118nt,AJ517256.1,90.816,294,27,0,61,354,354,61,1.16e-113,409.0,dc-megablast,ncbi_x3,354,near-full,0.8305084745762712,294,KA25
138,KA25_CL64_TR_1_x_118nt,AJ517255.1,91.379,58,5,0,297,354,354,297,2.11e-15,83.3,dc-megablast,ncbi_x3,354,partial,0.1638418079096045,58,KA25
139,KA25_CL170_TR_1_x_369nt,MG323512.1,90.169,356,34,1,15,369,1894,1539,2.35e-130,462.0,megablast,ncbi,369,near-full,0.962059620596206,355,KA25
140,KA25_CL170_TR_1_x_369nt,KK6_CL158_TR_1_x_369nt,98.066,1086,21,0,22,1107,1107,22,0.0,1890.0,megablast,local_x3,1107,near-full,1.0,1107,KA25
141,KA25_CL170_TR_1_x_369nt,KK4_CL149_TR_1_x_369nt,98.368,1103,18,0,1,1103,1103,1,0.0,1938.0,megablast,local_x3,1107,near-full,1.0,1107,KA25
142,KA25_CL170_TR_1_x_369nt,KK3_CL97_TR_1_x_369nt,98.329,1077,18,0,31,1107,1,1077,0.0,1890.0,megablast,local_x3,1107,near-full,1.0,1107,KA25
143,KA25_CL170_TR_1_x_369nt,AY249987.1,96.464,509,16,1,459,965,509,1,0.0,839.0,megablast,ncbi_x3,1107,composite,1.0,1107,KA25
144,KA25_CL170_TR_1_x_369nt,MK256652.1,94.717,265,14,0,312,576,1,265,2.27e-114,412.0,megablast,ncbi_x3,1107,partial,0.7172538392050587,794,KA25
145,KA25_CL170_TR_1_x_369nt,AY249986.1,95.664,1107,41,5,1,1107,1138,39,0.0,1772.0,megablast,ncbi_x3,1107,near-full,1.0,1107,KA25
146,KA25_CL157_TR_1_x_568nt,ON872683.1,100.0,1704,0,0,1,1704,1,1704,0.0,3147.0,megablast,ncbi_x3,1704,near-full,1.0,1704,KA25
147,KA25_CL157_TR_1_x_568nt,MW025815.1,91.481,493,40,2,1,492,492,1,0.0,676.0,megablast,ncbi,568,near-full,0.8661971830985915,492,KA25
148,KA25_CL157_TR_1_x_568nt,MW025811.1,91.463,492,42,0,1,492,492,1,0.0,676.0,megablast,ncbi,568,near-full,0.8661971830985915,492,KA25
149,KA25_CL157_TR_1_x_568nt,MN161205.1,90.179,112,11,0,1,112,112,1,7.26e-36,153.0,dc-megablast,ncbi_x3,1704,partial,0.06572769953051644,112,KA25
150,KA25_CL157_TR_1_x_568nt,KP5KP10(max)_CL1_TR_1_x_568nt,91.83,1628,133,0,1,1628,77,1704,0.0,2270.0,megablast,comp_x3,1704,near-full,1.0,1704,KA25
151,KA25_CL170_TR_1_x_369nt,AY249985.1,95.036,1108,53,2,1,1107,1630,524,0.0,1740.0,megablast,ncbi_x3,1107,near-full,1.0,1107,KA25
152,KA25_CL157_TR_1_x_568nt,FJ904943.1,98.728,393,3,2,87,478,519,910,0.0,697.0,megablast,ncbi_x3,1704,partial,0.6901408450704225,1176,KA25
153,KA25_CL170_TR_1_x_369nt,ON872664.1,98.1,1105,21,0,3,1107,1,1105,0.0,1925.0,megablast,ncbi_x3,1107,near-full,1.0,1107,KA25
154,KA25_CL170_TR_1_x_369nt,P170,94.66,206,11,0,2,207,60,265,2.9299999999999998e-90,320.0,megablast,ref,369,partial,0.7154471544715447,264,KA25
155,KA25_CL177_TR_1_x_448nt,MF467437.1,91.489,376,30,2,63,437,59265,59639,2.18e-146,516.0,megablast,ncbi,448,near-full,0.38169642857142855,171,KA25
156,KA25_CL177_TR_1_x_448nt,KP5KP10(max)_CL194_TR_1_x_403nt,93.176,425,27,2,498,921,735,312,1.16e-180,623.0,megablast,comp_x3,1344,composite,0.9278273809523809,1247,KA25
157,KA25_CL177_TR_1_x_448nt,KK6_CL225_TR_1_x_391nt,95.427,328,12,3,50,375,327,1,6.75e-148,514.0,dc-megablast,local,448,composite,0.8392857142857143,376,KA25
158,KA25_CL177_TR_1_x_448nt,KK4_CL201_TR_1_x_489nt,90.237,338,28,5,997,1332,57,391,6.83e-124,436.0,megablast,local_x3,1344,partial,0.25,336,KA25
159,KA25_CL177_TR_1_x_448nt,KK3_CL181_TR_1_x_421nt,90.696,1150,44,13,59,1203,1092,1,0.0,1472.0,megablast,local_x3,1344,near-full,0.18526785714285715,249,KA25
160,KA25_CL177_TR_1_x_448nt,KC290906.1,92.195,205,14,2,105,308,535,738,4.87e-77,289.0,megablast,ncbi_x3,1344,partial,0.45535714285714285,612,KA25
161,KA25_CL170_TR_1_x_369nt,ON872690.1,100.0,1107,0,0,1,1107,1,1107,0.0,2045.0,megablast,ncbi_x3,1107,near-full,1.0,1107,KA25
162,KA25_CL177_TR_1_x_448nt,HQ213956.1,91.005,189,11,6,138,321,114,301,2.3e-65,250.0,megablast,ncbi_x3,1344,partial,0.4107142857142857,552,KA25
163,KA25_CL177_TR_1_x_448nt,HQ213955.1,91.623,191,9,7,1032,1217,517,329,1.3699999999999999e-67,257.0,megablast,ncbi_x3,1344,partial,0.41517857142857145,558,KA25
164,KA25_CL177_TR_1_x_448nt,HM536200.1,92.105,190,10,5,1032,1217,374,186,2.95e-69,263.0,megablast,ncbi_x3,1344,partial,0.41517857142857145,558,KA25
165,KA25_CL177_TR_1_x_448nt,5S-2,100.0,36,0,0,230,265,1,36,5.12e-14,67.6,megablast,ref,448,partial,0.08035714285714286,36,KA25
166,KA25_CL177_TR_1_x_448nt,5S-1,100.0,36,0,0,183,218,1,36,5.12e-14,67.6,megablast,ref,448,partial,0.08035714285714286,36,KA25
167,KA25_CL170_TR_1_x_369nt,P369,97.727,352,8,0,18,369,1,352,2.0099999999999997e-176,606.0,megablast,ref,369,near-full,0.9539295392953929,352,KA25
168,KA25_CL177_TR_1_x_448nt,HQ213957.1,91.803,183,12,3,133,313,161,342,6.390000000000001e-66,252.0,megablast,ncbi_x3,1344,partial,0.40401785714285715,543,KA25
169,KA25_CL157_TR_1_x_568nt,FJ904940.1,96.029,1637,42,10,88,1704,1,1634,0.0,2641.0,megablast,ncbi_x3,1704,near-full,1.0,1704,KA25
170,KA25_CL157_TR_1_x_568nt,BSCL158-5,100.0,25,0,0,352,376,1,25,1.6e-07,46.4,blastn,ref,568,partial,0.04401408450704225,25,KA25
171,KA25_CL157_TR_1_x_568nt,BSCL158-4,100.0,25,0,0,239,263,1,25,1.6e-07,46.4,blastn,ref,568,partial,0.04401408450704225,25,KA25
172,KA25_CL149_TR_1_x_333nt,KK4_CL185_TR_1_x_332nt,92.485,998,58,13,9,999,1,988,0.0,1411.0,megablast,local_x3,999,near-full,1.0,999,KA25
173,KA25_CL149_TR_1_x_333nt,KK3_CL165_TR_1_x_332nt,94.625,986,51,2,1,986,984,1,0.0,1526.0,megablast,local_x3,999,near-full,1.0,999,KA25
174,KA25_CL149_TR_1_x_333nt,KC290905.1,91.901,284,22,1,1,284,543,825,2.1600000000000002e-110,396.0,megablast,ncbi,333,near-full,0.8528528528528528,284,KA25
175,KA25_CL149_TR_1_x_333nt,BSCL156-3,100.0,33,0,0,126,158,1,33,1.76e-12,62.1,megablast,ref,333,partial,0.0990990990990991,33,KA25
176,KA25_CL149_TR_1_x_333nt,BSCL156-2,96.667,30,1,0,13,42,1,30,7.52e-09,50.9,blastn,ref,333,partial,0.09009009009009009,30,KA25
177,KA25_CL149_TR_1_x_333nt,KK6_CL124_TR_1_x_333nt,95.267,993,47,0,1,993,995,3,0.0,1574.0,megablast,local_x3,999,near-full,1.0,999,KA25
178,KA25_CL149_TR_1_x_333nt,BSCL156-1,100.0,37,0,0,238,274,1,37,1.05e-14,69.4,megablast,ref,333,partial,0.1111111111111111,37,KA25
179,KA25_CL148_TR_1_x_662nt,ON872680.1,98.067,1966,36,2,1,1966,19,1982,0.0,3419.0,megablast,ncbi_x3,1986,near-full,1.0,1986,KA25
180,KA25_CL148_TR_1_x_662nt,MG323513.1,90.347,663,63,1,1,662,341,1003,0.0,869.0,megablast,ncbi,662,near-full,0.8172205438066465,541,KA25
181,KA25_CL148_TR_1_x_662nt,KX390721.1,93.465,505,30,3,158,662,568,67,0.0,747.0,megablast,ncbi,662,composite,0.8625377643504532,571,KA25
182,KA25_CL148_TR_1_x_662nt,KX390719.1,90.578,658,60,2,158,814,280,936,0.0,870.0,megablast,ncbi_x3,1986,partial,0.7381671701913394,1466,KA25
183,KA25_CL148_TR_1_x_662nt,KP5KP10(max)_CL190_TR_1_x_663nt,97.844,1716,35,2,1,1714,1716,1,0.0,2963.0,megablast,comp_x3,1986,near-full,1.0,1986,KA25
184,KA25_CL148_TR_1_x_662nt,KK6_CL162_TR_1_x_661nt,98.067,1966,36,2,1,1966,19,1982,0.0,3419.0,megablast,local_x3,1986,near-full,1.0,1986,KA25
185,KA25_CL148_TR_1_x_662nt,ON872688.1,100.0,1986,0,0,1,1986,1,1986,0.0,3668.0,megablast,ncbi_x3,1986,near-full,1.0,1986,KA25
186,KA25_CL149_TR_1_x_333nt,ON872663.1,91.944,993,71,6,1,987,990,1,0.0,1382.0,megablast,ncbi_x3,999,near-full,1.0,999,KA25
187,KA25_CL149_TR_1_x_333nt,ON872689.1,100.0,999,0,0,1,999,1,999,0.0,1845.0,megablast,ncbi_x3,999,near-full,1.0,999,KA25
188,KA25_CL149_TR_1_x_333nt,P334,92.988,328,22,1,2,328,328,1,1.48e-137,477.0,megablast,ref,333,near-full,0.9819819819819819,327,KA25
189,KA25_CL157_TR_1_x_568nt,BSCL158-3,100.0,27,0,0,189,215,1,27,1.31e-08,50.0,blastn,ref,568,partial,0.04753521126760563,27,KA25
190,KA25_CL157_TR_1_x_568nt,BSCL158-2,100.0,31,0,0,538,568,1,31,3.94e-11,58.4,megablast,ref,568,partial,0.05457746478873239,31,KA25
191,KA25_CL157_TR_1_x_568nt,BSCL158-1,100.0,38,0,0,416,453,1,38,5.06e-15,71.3,megablast,ref,568,partial,0.06690140845070422,38,KA25
192,KA25_CL157_TR_1_x_568nt,AB077374.1,90.476,189,16,2,1029,1216,453,266,2.89e-66,253.0,dc-megablast,ncbi_x3,1704,partial,0.2676056338028169,456,KA25
193,KA25_CL157_TR_1_x_568nt,AB077267.1,90.083,121,11,1,164,284,1466,1585,1.4e-38,161.0,dc-megablast,ncbi_x3,1704,partial,0.20774647887323944,354,KA25
194,KA25_CL157_TR_1_x_568nt,AB077249.1,90.036,281,28,0,1,281,1424,1704,8.25e-105,381.0,dc-megablast,ncbi_x3,1704,partial,0.16490610328638497,281,KA25
195,KA25_CL157_TR_1_x_568nt,AB077248.1,96.838,1423,45,0,282,1704,1,1423,0.0,2379.0,megablast,ncbi_x3,1704,near-full,1.0,1704,KA25
196,KA25_CL157_TR_1_x_568nt,AB077247.1,95.573,1423,59,4,282,1704,1,1419,0.0,2276.0,megablast,ncbi_x3,1704,near-full,0.9988262910798122,1702,KA25
197,KA25_CL157_TR_1_x_568nt,AB077246.1,96.275,1423,53,0,282,1704,1,1423,0.0,2335.0,megablast,ncbi_x3,1704,near-full,1.0,1704,KA25
198,KA25_CL157_TR_1_x_568nt,AB077245.1,95.643,1423,59,3,282,1704,1,1420,0.0,2281.0,megablast,ncbi_x3,1704,near-full,1.0,1704,KA25
199,KA25_CL157_TR_1_x_568nt,AB077244.1,96.135,1423,55,0,282,1704,1,1423,0.0,2324.0,megablast,ncbi_x3,1704,near-full,1.0,1704,KA25
200,KA25_CL157_TR_1_x_568nt,AB077243.1,96.151,1429,47,5,282,1704,1,1427,0.0,2327.0,megablast,ncbi_x3,1704,near-full,1.0,1704,KA25
201,KA25_CL157_TR_1_x_568nt,AB016969.1,90.625,96,8,1,3,97,1582,1677,8.280000000000001e-29,130.0,dc-megablast,ncbi_x3,1704,partial,0.05575117370892019,95,KA25
202,KA25_CL157_TR_1_x_568nt,AB016968.1,92.857,98,6,1,1,97,1601,1698,1.31e-32,142.0,dc-megablast,ncbi_x3,1704,partial,0.056924882629107984,97,KA25
203,KA25_CL157_TR_1_x_568nt,AB016967.1,91.837,98,7,1,1,97,1604,1701,1.6e-31,138.0,dc-megablast,ncbi_x3,1704,partial,0.056924882629107984,97,KA25
204,KA25_CL177_TR_1_x_448nt,MF467438.1,91.667,84,6,1,105,188,2422,2504,4.1e-25,117.0,dc-megablast,ncbi_x3,1344,partial,0.18526785714285715,249,KA25
205,KA25_CL97_TR_1_x_337nt,pAs1-3,96.429,56,2,0,262,317,56,1,6.34e-22,93.5,megablast,ref,337,partial,0.1661721068249258,56,KA25
206,KA25_CL177_TR_1_x_448nt,P448,97.778,360,7,1,1,359,360,1,3.1399999999999997e-180,619.0,megablast,ref,448,near-full,0.9933035714285714,445,KA25
207,KA25_CL192_TR_1_x_344nt,KK3_CL242_TR_1_x_337nt,95.455,44,1,1,52,95,969,1011,5.92e-13,68.0,blastn,local_x3,1032,partial,0.04263565891472868,44,KA25
208,KA25_CL64_TR_1_x_118nt,AJ517232.1,91.304,92,8,0,263,354,354,263,4.65e-30,131.0,dc-megablast,ncbi_x3,354,partial,0.2598870056497175,92,KA25
209,KA25_CL64_TR_1_x_118nt,AJ517231.1,94.828,58,3,0,297,354,354,297,4.08e-18,92.4,dc-megablast,ncbi_x3,354,partial,0.1638418079096045,58,KA25
210,KA25_CL64_TR_1_x_118nt,AJ517230.1,92.857,98,7,0,24,121,121,24,1.01e-33,143.0,megablast,ncbi_x3,354,partial,0.536723163841808,190,KA25
211,KA25_CL64_TR_1_x_118nt,AJ517229.1,91.753,97,8,0,25,121,120,24,2.57e-33,141.0,dc-megablast,ncbi_x3,354,partial,0.5338983050847458,189,KA25
212,KA25_CL64_TR_1_x_118nt,AJ517228.1,90.476,210,20,0,145,354,354,145,2.64e-74,278.0,megablast,ncbi_x3,354,partial,0.5932203389830508,210,KA25
213,KA25_CL64_TR_1_x_118nt,AJ517227.1,91.304,92,8,0,263,354,354,263,4.65e-30,131.0,dc-megablast,ncbi_x3,354,partial,0.2598870056497175,92,KA25
214,KA25_CL64_TR_1_x_118nt,AJ517233.1,90.136,294,29,0,61,354,354,61,5.44e-106,383.0,megablast,ncbi_x3,354,near-full,0.8305084745762712,294,KA25
215,KA25_CL2_TR_1_x_379nt,U91645.1,92.126,254,18,1,1,252,923,1176,1.1100000000000001e-97,357.0,megablast,ncbi_x3,1137,partial,0.22163588390501318,252,KA25
216,KA25_CL2_TR_1_x_379nt,DP4J31304,100.0,31,0,0,339,369,31,1,2.61e-11,58.4,megablast,ref,379,partial,0.08179419525065963,31,KA25
217,KA25_CL2_TR_1_x_379nt,DP4J30938,100.0,31,0,0,44,74,31,1,2.61e-11,58.4,megablast,ref,379,partial,0.08179419525065963,31,KA25
218,KA25_CL2_TR_1_x_379nt,DP4J20764,100.0,31,0,0,198,228,1,31,2.61e-11,58.4,megablast,ref,379,partial,0.08179419525065963,31,KA25
219,KA25_CL2_TR_1_x_379nt,CL77,96.316,190,7,0,188,377,369,180,5.05e-88,313.0,megablast,ref,379,composite,0.9498680738786279,360,KA25
220,KA25_CL2_TR_1_x_379nt,BSCL5-2,100.0,39,0,0,241,279,39,1,9.33e-16,73.1,megablast,ref,379,partial,0.10290237467018469,39,KA25
221,KA25_CL2_TR_1_x_379nt,ON872681.1,100.0,1137,0,0,1,1137,1,1137,0.0,2100.0,megablast,ncbi_x3,1137,near-full,1.0,1137,KA25
222,KA25_CL2_TR_1_x_379nt,BSCL5-1,100.0,34,0,0,57,90,34,1,5.62e-13,63.9,megablast,ref,379,partial,0.08970976253298153,34,KA25
223,KA25_CL64_TR_1_x_118nt,AJ517234.1,93.537,294,19,0,61,354,354,61,1.61e-124,445.0,dc-megablast,ncbi_x3,354,near-full,0.9887005649717514,350,KA25
224,KA25_CL64_TR_1_x_118nt,AJ517236.4,93.478,92,6,0,27,118,317,226,8.559999999999999e-34,140.0,dc-megablast,ncbi,118,composite,0.8050847457627118,95,KA25
225,KA25_CL64_TR_1_x_118nt,AJ517254.1,90.909,297,25,2,58,354,351,57,1.9400000000000002e-110,398.0,megablast,ncbi_x3,354,near-full,0.8389830508474576,297,KA25
226,KA25_CL64_TR_1_x_118nt,AJ517253.4,91.453,117,10,0,2,118,177,61,6.16e-42,167.0,dc-megablast,ncbi,118,near-full,0.9915254237288136,117,KA25
227,KA25_CL64_TR_1_x_118nt,AJ517251.1,91.582,297,25,0,58,354,353,57,2.5e-114,411.0,megablast,ncbi_x3,354,near-full,0.9887005649717514,350,KA25
228,KA25_CL64_TR_1_x_118nt,AJ517249.4,90.598,117,11,0,2,118,177,61,2.62e-40,162.0,dc-megablast,ncbi,118,near-full,0.9745762711864406,115,KA25
229,KA25_CL64_TR_1_x_118nt,AJ517248.1,92.857,56,4,0,5,60,56,1,6.05e-16,84.2,dc-megablast,ncbi_x3,354,partial,0.15819209039548024,56,KA25
230,KA25_CL64_TR_1_x_118nt,AJ517247.1,91.379,58,5,0,297,354,354,297,8e-15,80.5,megablast,ncbi_x3,354,partial,0.1638418079096045,58,KA25
231,KA25_CL64_TR_1_x_118nt,AJ517235.1,91.379,58,5,0,297,354,354,297,2.11e-15,83.3,dc-megablast,ncbi_x3,354,partial,0.1638418079096045,58,KA25
232,KA25_CL64_TR_1_x_118nt,AJ517246.1,90.476,210,20,0,145,354,354,145,2.64e-74,278.0,megablast,ncbi_x3,354,partial,0.5932203389830508,210,KA25
233,KA25_CL64_TR_1_x_118nt,AJ517244.1,91.379,58,5,0,297,354,354,297,8e-15,80.5,megablast,ncbi_x3,354,partial,0.1638418079096045,58,KA25
234,KA25_CL64_TR_1_x_118nt,AJ517242.4,90.4,125,11,1,230,354,185,62,7.72e-40,163.0,megablast,ncbi_x3,354,partial,0.3531073446327684,125,KA25
235,KA25_CL64_TR_1_x_118nt,AJ517240.4,95.652,92,4,0,27,118,152,61,2.0900000000000002e-36,148.0,megablast,ncbi,118,partial,0.7796610169491526,92,KA25
236,KA25_CL64_TR_1_x_118nt,AJ517239.1,90.741,54,4,1,302,354,350,297,1.09e-12,73.4,dc-megablast,ncbi_x3,354,partial,0.1497175141242938,53,KA25
237,KA25_CL64_TR_1_x_118nt,AJ517238.1,92.857,56,3,1,294,348,356,301,7.37e-15,80.6,blastn,ncbi_x3,354,partial,0.1553672316384181,55,KA25
238,KA25_CL64_TR_1_x_118nt,AJ517237.1,90.52,327,31,0,27,353,354,28,1.9e-125,448.0,megablast,ncbi_x3,354,near-full,0.923728813559322,327,KA25
239,KA25_CL64_TR_1_x_118nt,AJ517245.1,91.768,328,27,0,27,354,354,27,3.1599999999999997e-128,457.0,megablast,ncbi_x3,354,near-full,1.0,354,KA25
240,KA25_CL2_TR_1_x_379nt,AF472572.1,91.216,296,25,1,792,1087,584,290,5.06e-111,401.0,megablast,ncbi_x3,1137,partial,0.7810026385224275,888,KA25
241,KA25_CL2_TR_1_x_379nt,AB074442.1,91.568,1103,86,5,34,1132,1,1100,0.0,1515.0,megablast,ncbi_x3,1137,near-full,0.9956024626209323,1132,KA25
242,KA25_CL2_TR_1_x_379nt,AB074441.1,91.892,1110,82,2,34,1135,1,1110,0.0,1544.0,megablast,ncbi_x3,1137,near-full,0.9947229551451188,1131,KA25
243,KA25_CL198_TR_1_x_553nt,ON872684.1,100.0,1659,0,0,1,1659,1,1659,0.0,3064.0,megablast,ncbi_x3,1659,near-full,1.0,1659,KA25
244,KA25_CL198_TR_1_x_553nt,ON872679.1,93.844,1657,102,0,1,1657,1657,1,0.0,2495.0,megablast,ncbi_x3,1659,near-full,1.0,1659,KA25
245,KA25_CL198_TR_1_x_553nt,OL685353.1,91.842,1520,122,2,1,1518,1520,1,0.0,2119.0,megablast,ncbi_x3,1659,near-full,0.9987944544906571,1657,KA25
246,KA25_CL198_TR_1_x_553nt,KP5KP10(max)_CL175_TR_1_x_554nt,91.856,1584,126,3,1,1581,79,1662,0.0,2207.0,megablast,comp_x3,1659,near-full,0.9987944544906571,1657,KA25
247,KA25_CL198_TR_1_x_553nt,KK6_CL256_TR_1_x_553nt,93.984,1496,90,0,164,1659,3,1498,0.0,2265.0,megablast,local_x3,1659,near-full,1.0,1659,KA25
248,KA25_CL199_TR_1_x_44nt,BSCL184-1,93.103,29,2,0,1,29,4,32,3.09e-08,44.6,blastn,ref,44,partial,0.6590909090909091,29,KA25
249,KA25_CL195_TR_1_x_856nt,ON872692.1,100.0,2568,0,0,1,2568,1,2568,0.0,4743.0,megablast,ncbi_x3,2568,near-full,1.0,2568,KA25
250,KA25_CL192_TR_1_x_344nt,ON872691.1,100.0,1032,0,0,1,1032,1,1032,0.0,1906.0,megablast,ncbi_x3,1032,near-full,1.0,1032,KA25
251,KA25_CL192_TR_1_x_344nt,KK6_CL249_TR_1_x_336nt,91.489,282,24,0,19,300,53,334,1.58e-110,388.0,megablast,local,344,near-full,0.8197674418604651,282,KA25
252,KA25_CL192_TR_1_x_344nt,KK4_CL245_TR_1_x_725nt,92.248,129,10,0,739,867,499,371,7.509999999999999e-48,183.0,megablast,local_x3,1032,partial,0.375,387,KA25
253,KA25_CL198_TR_1_x_553nt,AY522382.1,91.667,36,3,0,455,490,940,975,1.78e-05,52.7,dc-megablast,ncbi_x3,1659,partial,0.0650994575045208,108,KA25
254,KA25_CL199_TR_1_x_44nt,BSCL184-2,100.0,35,0,0,5,39,1,35,1.34e-14,65.8,megablast,ref,44,partial,0.7954545454545454,35,KA25
255,KA25_CL199_TR_1_x_44nt,KK3_CL164_TR_1_x_44nt,94.309,123,7,0,10,132,4,126,1.85e-50,189.0,megablast,local_x3,132,near-full,1.0,132,KA25
256,KA25_CL2_TR_1_x_379nt,AB074440.1,93.333,1110,66,2,34,1135,1,1110,0.0,1633.0,megablast,ncbi_x3,1137,near-full,0.9947229551451188,1131,KA25
257,KA25_CL2_TR_1_x_379nt,AB074439.1,91.95,1118,74,4,34,1135,1,1118,0.0,1552.0,megablast,ncbi_x3,1137,near-full,0.9947229551451188,1131,KA25
258,KA25_CL2_TR_1_x_379nt,AB016973.1,93.885,1161,46,3,1,1137,1790,631,0.0,1727.0,megablast,ncbi_x3,1137,near-full,1.0,1137,KA25
259,KA25_CL2_TR_1_x_379nt,AB016972.1,95.108,1022,38,2,1,1010,1022,1,0.0,1600.0,megablast,ncbi_x3,1137,near-full,1.0,1137,KA25
260,KA25_CL2_TR_1_x_379nt,AB016971.1,93.053,1022,59,2,1,1010,1022,1,0.0,1483.0,megablast,ncbi_x3,1137,near-full,1.0,1137,KA25
261,KA25_CL211_TR_1_x_179nt,ON872686.1,100.0,537,0,0,1,537,1,537,0.0,992.0,megablast,ncbi_x3,537,near-full,1.0,537,KA25
262,KA25_CL211_TR_1_x_179nt,ON872677.1,94.503,473,23,3,1,473,65,534,0.0,726.0,megablast,ncbi_x3,537,near-full,1.0,537,KA25
263,KA25_CL211_TR_1_x_179nt,KK6_CL226_TR_1_x_178nt,94.896,529,24,3,1,529,9,534,0.0,824.0,megablast,local_x3,537,near-full,1.0,537,KA25
264,KA25_CL199_TR_1_x_44nt,P132,100.0,44,0,0,1,44,67,110,1.33e-19,82.4,megablast,ref,44,near-full,1.0,44,KA25
265,KA25_CL199_TR_1_x_44nt,Oligo-44,92.683,41,3,0,1,41,4,44,6.25e-13,60.2,megablast,ref,44,near-full,0.9318181818181818,41,KA25
266,KA25_CL199_TR_1_x_44nt,ON872685.1,100.0,132,0,0,1,132,1,132,8.850000000000001e-65,244.0,megablast,ncbi_x3,132,near-full,1.0,132,KA25
267,KA25_CL199_TR_1_x_44nt,ON872678.1,94.697,132,7,0,1,132,41,172,4.18e-53,206.0,megablast,ncbi_x3,132,near-full,1.0,132,KA25
268,KA25_CL199_TR_1_x_44nt,KK6_CL228_TR_1_x_44nt,94.783,115,6,0,18,132,132,18,1.11e-47,180.0,megablast,local_x3,132,near-full,1.0,132,KA25
269,KA25_CL199_TR_1_x_44nt,KK4_CL166_TR_1_x_44nt,94.783,115,6,0,18,132,132,18,1.11e-47,180.0,megablast,local_x3,132,near-full,1.0,132,KA25
270,KA25_CL97_TR_1_x_337nt,pAs1-6,94.643,56,3,0,94,149,56,1,3.03e-20,88.7,dc-megablast,ref,337,partial,0.1661721068249258,56,KA25
